D	Plose	TrackFrac	Pcorrect	Perror	Cups	EMarkers	SwapsPlayer	SwapsEnemy	ShufflePlayer	ShuffleEnemy	DecisionDelay	EnemyTurnTime	ExpectedHit
0.00	0.5000	0.0312	0.2500	0.7500	3	1.000	4	5	0.6000	0.4800	1.1475	3.9475	0.3385
1.00	0.4911	0.0341	0.2611	0.7389	3	1.000	4	5	0.5929	0.4743	1.1291	3.9007	0.3393
2.00	0.4822	0.0372	0.2722	0.7278	3	1.000	4	5	0.5858	0.4686	1.1107	3.8539	0.3401
3.00	0.4733	0.0405	0.2833	0.7167	4	1.450	4	5	0.5787	0.4630	1.0923	3.8071	0.3698
4.00	0.4644	0.0441	0.2944	0.7056	4	1.600	4	5	0.5716	0.4573	1.0740	3.7604	0.4078
5.00	0.4555	0.0479	0.3056	0.6944	5	1.750	5	5	0.5645	0.4516	1.0556	3.7136	0.3595
6.00	0.4466	0.0519	0.3167	0.6833	5	1.850	5	5	0.5574	0.4459	1.0372	3.6668	0.3804
7.00	0.4377	0.0562	0.3278	0.6722	6	2.850	5	5	0.5503	0.4402	1.0188	3.6200	0.4847
8.00	0.4288	0.0608	0.3389	0.6611	6	2.850	5	5	0.5432	0.4346	1.0004	3.5732	0.4858
9.00	0.4199	0.0657	0.3500	0.6500	7	2.850	5	5	0.5361	0.4289	0.9820	3.5264	0.4208
10.00	0.4110	0.0709	0.3611	0.6389	7	2.850	5	5	0.5290	0.4232	0.9636	3.4796	0.4223
11.00	0.4021	0.0764	0.3722	0.6278	8	3.850	5	5	0.5219	0.4175	0.9452	3.4328	0.4960
12.00	0.3932	0.0823	0.3833	0.6167	8	3.850	5	5	0.5148	0.4118	0.9269	3.3861	0.4976
13.00	0.3843	0.0885	0.3944	0.6056	8	3.850	5	5	0.5077	0.4062	0.9085	3.3393	0.4994
14.00	0.3754	0.0951	0.4056	0.5944	8	3.850	6	5	0.5006	0.4005	0.8901	3.2925	0.5012
15.00	0.3665	0.1020	0.4167	0.5833	8	3.850	6	5	0.4935	0.3948	0.8717	3.2457	0.5033
16.00	0.3576	0.1094	0.4278	0.5722	8	3.850	6	5	0.4864	0.3891	0.8533	3.1989	0.5055
17.00	0.3487	0.1172	0.4389	0.5611	8	3.850	6	5	0.4793	0.3834	0.8349	3.1521	0.5079
18.00	0.3398	0.1254	0.4500	0.5500	8	3.850	6	5	0.4722	0.3778	0.8165	3.1053	0.5105
19.00	0.3309	0.1341	0.4611	0.5389	8	3.850	6	5	0.4651	0.3721	0.7981	3.0585	0.5133
20.00	0.3220	0.1433	0.4722	0.5278	8	3.850	6	5	0.4580	0.3664	0.7798	3.0118	0.5163
21.00	0.3131	0.1529	0.4833	0.5167	8	3.850	6	5	0.4509	0.3607	0.7614	2.9650	0.5196
22.00	0.3042	0.1631	0.4944	0.5056	8	3.850	6	5	0.4438	0.3550	0.7430	2.9182	0.5231
23.00	0.2953	0.1738	0.5056	0.4944	8	3.850	7	5	0.4367	0.3494	0.7246	2.8714	0.5268
24.00	0.2864	0.1850	0.5167	0.4833	8	3.850	7	5	0.4296	0.3437	0.7062	2.8246	0.5308
25.00	0.2775	0.1969	0.5278	0.4722	8	3.850	7	5	0.4225	0.3380	0.6878	2.7778	0.5352
26.00	0.2686	0.2093	0.5389	0.4611	8	3.850	7	5	0.4154	0.3323	0.6694	2.7310	0.5398
27.00	0.2597	0.2224	0.5500	0.4500	8	3.850	7	5	0.4083	0.3266	0.6511	2.6843	0.5447
28.00	0.2508	0.2360	0.5611	0.4389	8	3.850	7	5	0.4012	0.3210	0.6327	2.6375	0.5500
29.00	0.2419	0.2504	0.5722	0.4278	8	3.850	7	5	0.3941	0.3153	0.6143	2.5907	0.5556
30.00	0.2330	0.2654	0.5833	0.4167	8	3.850	7	5	0.3870	0.3096	0.5959	2.5439	0.5616
31.00	0.2241	0.2812	0.5944	0.4056	8	3.850	7	5	0.3799	0.3039	0.5775	2.4971	0.5680
32.00	0.2152	0.2977	0.6056	0.3944	8	3.850	8	5	0.3728	0.2982	0.5591	2.4503	0.5748
33.00	0.2063	0.3150	0.6167	0.3833	8	3.850	8	5	0.3657	0.2926	0.5407	2.4035	0.5820
34.00	0.1974	0.3330	0.6278	0.3722	8	3.850	8	5	0.3586	0.2869	0.5223	2.3567	0.5897
35.00	0.1885	0.3519	0.6389	0.3611	8	3.850	8	5	0.3515	0.2812	0.5040	2.3100	0.5979
36.00	0.1796	0.3716	0.6500	0.3500	8	3.850	8	5	0.3444	0.2755	0.4856	2.2632	0.6066
37.00	0.1707	0.3922	0.6611	0.3389	8	3.850	8	5	0.3373	0.2698	0.4672	2.2164	0.6158
38.00	0.1618	0.4138	0.6722	0.3278	8	3.850	8	5	0.3302	0.2642	0.4488	2.1696	0.6255
39.00	0.1529	0.4362	0.6833	0.3167	8	3.850	8	5	0.3231	0.2585	0.4304	2.1228	0.6359
40.00	0.1440	0.4596	0.6944	0.3056	8	3.850	8	5	0.3160	0.2528	0.4120	2.0760	0.6468
41.00	0.1351	0.4840	0.7056	0.2944	8	3.850	9	5	0.3089	0.2471	0.3936	2.0292	0.6584
42.00	0.1262	0.5094	0.7167	0.2833	8	3.850	9	5	0.3018	0.2414	0.3752	1.9824	0.6706
43.00	0.1173	0.5359	0.7278	0.2722	8	3.850	9	5	0.2947	0.2358	0.3569	1.9357	0.6836
44.00	0.1084	0.5634	0.7389	0.2611	8	3.850	9	5	0.2876	0.2301	0.3385	1.8889	0.6972
45.00	0.0995	0.5921	0.7500	0.2500	8	3.850	9	5	0.2805	0.2244	0.3201	1.8421	0.7116
46.00	0.0906	0.6220	0.7500	0.2500	8	3.850	9	5	0.2734	0.2187	0.3200	1.8135	0.7232
47.00	0.0817	0.6530	0.7500	0.2500	8	3.850	9	5	0.2663	0.2130	0.3200	1.7851	0.7353
48.00	0.0728	0.6853	0.7500	0.2500	8	3.850	9	5	0.2592	0.2074	0.3200	1.7567	0.7479
49.00	0.0639	0.7188	0.7500	0.2500	8	3.850	9	5	0.2521	0.2017	0.3200	1.7283	0.7609
50.00	0.0550	0.7536	0.7500	0.2500	8	3.850	9	5	0.2450	0.1960	0.3200	1.6999	0.7745
51.00	0.0500	0.7738	0.7500	0.2500	8	3.850	9	5	0.2400	0.1903	0.3200	1.6715	0.7823
52.00	0.0500	0.7738	0.7500	0.2500	8	3.850	9	5	0.2400	0.1846	0.3200	1.6431	0.7823
53.00	0.0500	0.7738	0.7500	0.2500	8	3.850	9	5	0.2400	0.1790	0.3200	1.6147	0.7823
54.00	0.0500	0.7738	0.7500	0.2500	8	3.850	9	5	0.2400	0.1733	0.3200	1.5863	0.7823
55.00	0.0500	0.7738	0.7500	0.2500	8	3.850	9	5	0.2400	0.1676	0.3200	1.5579	0.7823
56.00	0.0500	0.7738	0.7500	0.2500	8	3.850	9	5	0.2400	0.1619	0.3200	1.5295	0.7823
57.00	0.0500	0.7738	0.7500	0.2500	8	3.850	9	5	0.2400	0.1600	0.3200	1.5200	0.7823
58.00	0.0500	0.7738	0.7500	0.2500	8	3.850	9	5	0.2400	0.1600	0.3200	1.5200	0.7823
59.00	0.0500	0.7738	0.7500	0.2500	8	3.850	9	5	0.2400	0.1600	0.3200	1.5200	0.7823
60.00	0.0500	0.7738	0.7500	0.2500	8	3.850	9	5	0.2400	0.1600	0.3200	1.5200	0.7823
